{
  "properties": {
    "connectionReferences": {
      "shared_office365_1": {
        "runtimeSource": "embedded",
        "connection": {
          "connectionReferenceLogicalName": "vp_sharedoffice365_21270"
        },
        "api": {
          "name": "shared_office365"
        }
      },
      "shared_commondataserviceforapps_1": {
        "runtimeSource": "embedded",
        "connection": {
          "connectionReferenceLogicalName": "vp_sharedcommondataserviceforapps_0c8cb"
        },
        "api": {
          "name": "shared_commondataserviceforapps"
        }
      }
    },
    "definition": {
      "$schema": "https://schema.management.azure.com/providers/Microsoft.Logic/schemas/2016-06-01/workflowdefinition.json#",
      "contentVersion": "1.0.0.0",
      "parameters": {
        "$connections": {
          "defaultValue": {},
          "type": "Object"
        },
        "$authentication": {
          "defaultValue": {},
          "type": "SecureObject"
        }
      },
      "triggers": {
        "When_a_row_is_added,_modified_or_deleted": {
          "metadata": {
            "operationMetadataId": "62b546fd-a7d3-4f2e-b4d2-cee83fd13cab"
          },
          "type": "OpenApiConnectionWebhook",
          "inputs": {
            "host": {
              "connectionName": "shared_commondataserviceforapps_1",
              "operationId": "SubscribeWebhookTrigger",
              "apiId": "/providers/Microsoft.PowerApps/apis/shared_commondataserviceforapps"
            },
            "parameters": {
              "subscriptionRequest/message": 4,
              "subscriptionRequest/entityname": "vp_animal",
              "subscriptionRequest/scope": 4
            },
            "authentication": "@parameters('$authentication')"
          }
        }
      },
      "actions": {
        "Condition": {
          "actions": {
            "Send_an_email_(V2)": {
              "runAfter": {},
              "metadata": {
                "operationMetadataId": "0e72e7aa-9247-4aef-9ecb-beb7192a8c16"
              },
              "type": "OpenApiConnection",
              "inputs": {
                "host": {
                  "connectionName": "shared_office365_1",
                  "operationId": "SendEmailV2",
                  "apiId": "/providers/Microsoft.PowerApps/apis/shared_office365"
                },
                "parameters": {
                  "emailMessage/To": "vandanpandya2397@gmail.com",
                  "emailMessage/Subject": "Your Foster Animal is Ready for Pickup",
                  "emailMessage/Body": "<p>Hello ,<br>\n<br>\nCongratulations @{outputs('Get_a_row_by_ID')?['body/vp_fosterclaimername']} on claiming  @{triggerOutputs()?['body/vp_animalname']} for fostering!<br>\n<br>\nHere are the details of the animal:<br>\n- Name: @{triggerOutputs()?['body/vp_animalname']}<br>\n- Type: @{triggerOutputs()?['body/vp_type']}<br>\n- Age: @{triggerOutputs()?['body/vp_age']}<br>\n- Medical Conditions: @{triggerOutputs()?['body/vp_medicalcondition']}<br>\n<br>\nPlease arrange to pick up the animal on @{triggerOutputs()?['body/vp_dateoffoster']}.<br>\n<br>\nThank you for your support!<br>\n<br>\nBest regards,<br>\nPaw &amp; Heart Team</p>",
                  "emailMessage/Importance": "Normal"
                },
                "authentication": "@parameters('$authentication')"
              }
            }
          },
          "runAfter": {
            "Get_a_row_by_ID": [
              "Succeeded"
            ]
          },
          "expression": {
            "equals": [
              "@triggerOutputs()?['body/vp_shelterstatus']",
              127460006
            ]
          },
          "metadata": {
            "operationMetadataId": "b149b69b-a47c-4bce-bc9a-8135f500c7f3"
          },
          "type": "If"
        },
        "Get_a_row_by_ID": {
          "runAfter": {},
          "metadata": {
            "operationMetadataId": "59cb04c5-a6ee-409d-a8f0-6aea07953704"
          },
          "type": "OpenApiConnection",
          "inputs": {
            "host": {
              "connectionName": "shared_commondataserviceforapps_1",
              "operationId": "GetItem",
              "apiId": "/providers/Microsoft.PowerApps/apis/shared_commondataserviceforapps"
            },
            "parameters": {
              "entityName": "vp_fosterfamilies",
              "recordId": "@triggerOutputs()?['body/_vp_fosterclaimer_value']"
            },
            "authentication": "@parameters('$authentication')"
          }
        }
      }
    },
    "templateName": ""
  },
  "schemaVersion": "1.0.0.0"
}